{"cameraMode":{"drawMode":0,"name":"Shaded","section":"Shading Mode"},"sceneLighting":true,"audioPlay":false,"sceneViewState":{"showFog":true,"showMaterialUpdate":false,"showSkybox":true,"showFlares":true,"showImageEffects":true,"showParticleSystems":true},"in2DMode":false,"pivot":{"x":2.278681516647339,"y":-5.144950866699219,"z":9.710126876831055},"rotation":{"x":-0.3080597519874573,"y":-0.01940213143825531,"z":0.006285527721047401,"w":-0.9511483907699585},"size":20.57536506652832,"orthographic":false}